ID,Category,Price,Size,State,Brand,Colors,Amount_Of_Pictures,Ratio
841147011,Dress,29.0,M / 38 / 10,Very good,Vintage,Beige,3,5.7
841212517,Suit,30.0,S / 36 / 8,Very good,Vintage,Black,4,8.884615384615385
836855778,Sweater,15.0,M / 38 / 10,Very good,Vintage,White,1,4.15
836637612,Jacket,165.0,M / 38 / 10,Very good,genuine leather,Black,8,19.77777777777778
841235285,Jacket,60.0,M / 38 / 10,Very good,Dolce & Gabbana,Light blue,6,10.444444444444445
841244965,Blouse,12.0,M / 38 / 10,Good,Vintage,Rose,2,3.75
841222428,Dress,29.0,S / 36 / 8,Very good,Vintage,White,3,8.625
841155804,Top,15.0,S / 36 / 8,Good,MarcCain,Brown,2,5.0
840557734,Top,10.0,S / 36 / 8,Good,FILA,White,4,11.5
840553063,Cardigan,12.0,M / 38 / 10,Very good,Vintage,Pink,3,8.428571428571429
836908539,Jacket,10.0,S / 36 / 8,Very good,Vintage,White,3,15.0
836898691,Skirt,12.0,L / 40 / 12,Very good,Vintage,Black,4,8.0
836879751,Skirt,10.0,M / 38 / 10,Very good,Vintage,Brown,6,6.090909090909091
836866468,Dress,35.0,M / 38 / 10,Very good,original vintage,Brown,3,0.0
836707608,Boots,25.0,40,Good,Tamaris,Brown,3,9.0
475374116,Dress,15.0,M / 38 / 10,Good,Vintage,Blue,3,14.666666666666666
475370130,Mens Jacket,20.0,L,Very good,FILA,Blue,2,22.0
837861883,Hat,7.5,,Very good,Vintage,Red,3,9.142857142857142
837845787,Top,15.0,M / 38 / 10,Very good,Vintage,Blue,3,7.466666666666667
837797811,Dress,10.0,M / 38 / 10,Very good,Zara,Blue,5,25.0
837788954,Pants,10.0,M / 38 / 10,New with tags,H&M,Rose,4,33.666666666666664
837776437,Sweater,10.0,L / 40 / 12,Very good,Vintage,Multi,5,inf
837743483,Dress,10.0,S / 36 / 8,Good,Vintage,Purple,2,13.6
837720529,Coat,10.0,XXL / 44 / 16,Very good,H&M,Beige,4,9.0
837707238,Dress,20.0,M / 38 / 10,Very good,Vintage,White,3,14.857142857142858
837697214,Dress,7.5,S / 36 / 8,New without tags,M,Red,3,83.33333333333333
837660334,Dress,7.5,XXL / 44 / 16,Very good,H&M,Black,2,6.0
837647448,Dress,7.5,S / 36 / 8,Very good,Miss Selfridge,Red,3,3.8461538461538463
837622226,Dress,20.0,S / 36 / 8,New with tags,H&M,Navy,4,inf
837611546,Top,5.0,M / 38 / 10,Very good,Vintage,Burgundy,2,26.666666666666668
837587558,Dress,25.0,S / 36 / 8,Good,Morgan,Multi,7,30.0
837567552,Jacket,45.0,XS / 34 / 6,Very good,sandwich,Grey,5,19.0
837548822,Coat,25.0,S / 36 / 8,Very good,Maura,Dark green,6,4.352941176470588
837521065,Jacket,45.0,XS / 34 / 6,Very good,Danier,Black,7,inf
837494141,Jacket,35.0,S / 36 / 8,Good,Goosecraft,Red,5,18.5
837477167,Dress,15.0,XS / 34 / 6,Very good,Claudia Ghizzani,Black,5,32.0
837466779,Top,7.5,S / 36 / 8,Good,Vintage,Burgundy,3,39.0
837443626,Sneakers,20.0,38,Satisfactory,Adidas,Blue,3,19.5
837434736,Top,5.0,S / 36 / 8,Very good,Vintage,Pink,1,16.666666666666668
837420654,Jacket,10.0,M / 38 / 10,Good,Vintage,Yellow,3,7.666666666666667
837301591,Skirt,25.0,M / 38 / 10,New with tags,Vanilia,Multi,3,14.333333333333334
837290471,Blouse,3.0,M / 38 / 10,Very good,Sfera,Orange,2,inf
837280526,Top,3.0,L / 40 / 12,Very good,Bershka,Multi,2,17.0
837269782,Blouse,3.0,M / 38 / 10,Very good,Primark,Black,2,inf
837250868,Top,5.0,S / 36 / 8,Very good,Abercrombie & Fitch,Grey,2,inf
837216155,Pants,5.0,M / 38 / 10,Good,Zara,Brown,1,inf
837205106,Skirt,5.0,M / 38 / 10,Very good,Zara,Yellow,2,inf
837196052,Skirt,5.0,M / 38 / 10,Very good,Bershka,Black,3,5.5
837186023,Jeans,5.0,S / 36 / 8,Very good,G-maxx,Blue,2,13.0
837174885,Jeans,5.0,M / 38 / 10,Very good,Seven Sisters,Grey,2,inf
837151215,Boots,10.0,42,Very good,Sacha,Pink,1,6.714285714285714
837132404,Sweater,5.0,S / 36 / 8,Very good,Noisy may,Black,2,inf
837100964,Blouse,4.0,M / 38 / 10,Very good,Vintage,Blue,1,5.8
837089055,Jacket,10.0,M / 38 / 10,Very good,Vintage,Brown,1,18.666666666666668
837032986,Jeans,5.0,M / 38 / 10,Good,Hollister,Blue,2,11.666666666666666
837017867,Jeans,7.5,M / 38 / 10,Very good,SILVER CREEK,Blue,2,5.0
837004825,Pants,7.5,M / 38 / 10,Very good,Stradivarius,Brown,3,inf
836992193,Jeans,10.0,M / 38 / 10,Very good,rich & royal,Blue,3,inf
843822190,Dress,9.0,S / 36 / 8,Very good,Vintage,Brown,2,10.0
843817162,Suit,6.0,M / 38 / 10,Very good,Vintage,Black,3,2.75
843813930,Dress,9.9,XS / 34 / 6,Very good,Vintage,Brown,2,4.0
836584207,Dress,24.9,L / 40 / 12,Very good,Vintage,Blue,4,9.777777777777779
836575227,Skirt,12.9,XS / 34 / 6,Very good,Vintage,Brown,3,23.333333333333332
836565902,Blouse,14.9,XL / 42 / 14,Very good,Vintage,Gold,3,6.2
836543038,Coat,39.9,M / 38 / 10,Very good,handmade,Cream,3,11.666666666666666
836531923,Top,12.9,XS / 34 / 6,Very good,Uniqlo,Green,3,6.75
836524253,Top,9.9,M / 38 / 10,Very good,Vintage,Purple,3,inf
836513186,Top,12.9,XL / 42 / 14,Very good,Vintage,Blue,4,inf
836500923,Jacket,14.9,M / 38 / 10,Very good,Vintage,Blue,3,28.0
836486378,Jacket,12.9,L / 40 / 12,Very good,Vintage,Green,2,18.5
836463019,Jacket,19.9,L / 40 / 12,Very good,Vintage,Black,4,17.0
836447036,Jacket,19.9,XL / 42 / 14,Very good,Vintage,Cream,3,11.75
836375898,Jacket,25.0,L / 40 / 12,Very good,Vintage,Black,2,19.0
836371142,Jacket,19.0,M / 38 / 10,Very good,Vintage,Purple,3,31.0
831832052,Jacket,29.0,M / 38 / 10,Very good,Ralph Lauren,Black,4,11.555555555555555
831822924,Jacket,39.9,S / 36 / 8,New without tags,Vintage,Brown,3,7.0
831807330,Jacket,24.0,L / 40 / 12,Very good,Vintage,Brown,3,10.88888888888889
831794139,Cardigan,49.9,L / 40 / 12,Very good,puccini,Black,7,inf
831781864,Sweater,14.9,M / 38 / 10,Very good,Vintage,Grey,4,20.5
831760863,Suit,12.9,L / 40 / 12,Very good,Vintage,Orange,5,8.0
831751666,Sweater,14.9,M / 38 / 10,Very good,Vintage,Black,4,29.0
831731955,Top,12.9,S / 36 / 8,Very good,Vintage,Pink,3,11.5
840728236,Top,2.5,M / 38 / 10,Very good,camaieu,Black,7,inf
840723404,Blouse,4.0,M / 38 / 10,Very good,Monki,Blue,5,30.0
840740414,Dress,15.0,M / 38 / 10,New without tags,King Louie,Black,6,inf
840734738,Top,5.0,M / 38 / 10,Very good,Expresso,Black,5,inf
830608421,Jeans,6.0,L / 40 / 12,Good,MAC,Blue,9,inf
830853018,Top,5.0,S / 36 / 8,Very good,COS,Black,5,20.0
830848583,Sweater,13.0,L / 40 / 12,Good,COS,Dark green,7,16.2
830851147,Blouse,5.0,S / 36 / 8,New without tags,Jacqueline de Yong,Blue,5,4.0
830844663,Dress,10.0,M / 38 / 10,Good,Bruuns bazaar,Black,12,inf
830854110,Skirt,13.5,M / 38 / 10,New without tags,Vintage,Lilac,9,inf
830856092,Pants,9.0,M / 38 / 10,Very good,Marks & Spencer,Black,5,inf
830852381,Top,2.0,M / 38 / 10,Very good,WE,Coral,6,inf
830849505,Blouse,5.0,L / 40 / 12,Very good,Vintage,Black,7,inf
824162077,Pajamas,10.0,L / 40 / 12,New without tags,Calvin Klein,Blue,4,16.75
824208682,Pants,4.0,M / 38 / 10,Good,Expresso,Black,6,inf
824244810,Dress,20.0,M / 38 / 10,New without tags,je suis rachel pappo,Blue,6,inf
824197450,Swimsuit,11.0,M / 38 / 10,Very good,beachlife,Blue,5,86.0
824186817,Pants,2.0,M / 38 / 10,Good,Promod,Yellow,6,1.0
824175338,Top,4.0,S / 36 / 8,Very good,Vintage,Green,4,inf
824169719,Athletic Wear,4.0,M / 38 / 10,New without tags,Asics,Black,6,inf
824133580,Top,5.0,M / 38 / 10,Very good,Vanilia,Black,4,12.25
488496990,Blouse,10.0,M / 38 / 10,Very good,Nice Things,Black,5,15.0
682950349,Jacket,6.0,XS / 34 / 6,Good,Denim Co,Red,7,inf
682927411,Boots,17.0,39,Very good,Vintage,Black,6,23.0
682921884,Blouse,6.0,M / 38 / 10,Very good,Betty Barclay,Apricot,6,inf
682917509,Cardigan,15.0,M / 38 / 10,New without tags,Onbekend,Grey,9,inf
577193458,Shoes,16.0,39,New without tags,Vintage,Black,8,16.4
577185262,Blouse,7.5,M / 38 / 10,Very good,Laura Scott,White,8,15.0
519815306,Bag,7.5,,Very good,Vintage,Turquoise,6,30.0
519659255,Blouse,3.0,S / 36 / 8,Good,Mango,Black,4,13.0
519637346,Boots,14.0,39,Satisfactory,Shabbies amsterdam,Beige,8,82.0
519618793,Jacket,4.0,S / 36 / 8,Good,Vintage,Black,7,35.0
519039994,Blouse,3.0,L / 40 / 12,Good,ara,Blue,7,21.0
507315322,Sneakers,15.0,36,Very good,Nomad,Brown,6,inf
507307398,Shoes,18.5,39,Very good,Vialis,Navy,8,27.0
488469170,Boots,16.5,39,Good,Clarks,Grey,7,15.666666666666666
488505459,Jacket,4.0,M / 38 / 10,Satisfactory,Sisley,Grey,6,16.0
488503711,Bag,6.5,,Very good,Vintage,Brown,6,6.125
488477412,Heels,17.5,39,Very good,Wolky,Black,8,11.88888888888889
488491901,Blouse,4.5,M / 38 / 10,Very good,Mina UK,Beige,5,inf
488498166,Jacket,12.5,L / 40 / 12,New without tags,Summum,Navy,6,11.4
488488349,Boots,8.0,39,Very good,Vintage,Brown,7,32.0
482742350,Blouse,2.0,S / 36 / 8,Very good,Atmosphere,Black,4,inf
476692703,Top,4.0,M / 38 / 10,Very good,Monsoon,Rose,4,7.5
476679457,Dress,6.0,S / 36 / 8,Very good,Laundry Room,Black,4,inf
476671338,Dress,15.0,S / 36 / 8,Very good,Danity,Black,3,inf
460317960,Skirt,15.0,M / 38 / 10,New without tags,,Green,6,inf
460210581,Suit,6.5,M / 38 / 10,Very good,Soaked in Luxury,Black,5,8.0
460200826,Blouse,5.0,M / 38 / 10,Very good,Vintage,Cream,6,8.666666666666666
458857329,Blouse,5.0,M / 38 / 10,Very good,Vintage,Cream,7,14.166666666666666
458658612,Blouse,6.5,S / 36 / 8,Very good,Vintage,Rose,3,15.5
460213381,Blouse,7.5,M / 38 / 10,Very good,Vintage,White,6,15.333333333333334
847438544,Skirt,8.0,S / 36 / 8,New without tags,Weekday,Green,3,6.0
847153989,Sweater,5.0,M / 38 / 10,Good,Vintage,Green,2,3.5
847022859,Mens Top,60.0,S,New without tags,Wood Wood,Beige,4,8.0
836757714,Top,3.0,M / 38 / 10,Good,Zara,Black,2,4.25
836754229,Top,3.0,M / 38 / 10,Good,Zara,Black,1,4.5
836750715,Top,3.0,XS / 34 / 6,Good,Monki,Grey,2,5.666666666666667
836747609,Dress,5.0,M / 38 / 10,Very good,missguided,Gold,3,6.142857142857143
836741726,Pants,5.0,L / 40 / 12,Good,H&M,Grey,2,6.0
836735319,Top,5.0,M / 38 / 10,Good,Monki,Blue,1,inf
836727524,Top,5.0,M / 38 / 10,Good,Zara,Black,3,0.14285714285714285
836687425,Skirt,5.0,M / 38 / 10,Good,Zara,Black,3,inf
836668475,Mens Top,40.0,S,Good,Comme des Gar√ßons,Black,4,5.619047619047619
836651257,Top,5.0,S / 36 / 8,Good,& Other Stories,Black,2,3.2142857142857144
836640547,Top,5.0,S / 36 / 8,Good,Forever 21,Blue,2,inf
836624502,Sweater,25.0,M / 38 / 10,Very good,& Other Stories,Red,1,9.571428571428571
810352038,Heels,18.0,39,Very good,& Other Stories,Black,2,4.243243243243243
853224563,Blouse,9.95,M / 38 / 10,Very good,Vintage,Black,4,3.0
853074734,Pajamas,14.95,S / 36 / 8,Very good,Vintage,White,3,112.0
853105049,Skirt,16.95,M / 38 / 10,Very good,Vintage,Black,3,7.75
853075399,Jacket,24.95,S / 36 / 8,Very good,Vintage,Red,4,6.0
844325279,Top,16.95,M / 38 / 10,Very good,Vintage,Lilac,4,17.220338983050848
828976980,Top,29.95,L / 40 / 12,Very good,camel,Brown,4,8.785714285714286
849144132,Cardigan,27.95,L / 40 / 12,Very good,Vintage,Black,5,10.625
847297314,Jacket,26.95,M / 38 / 10,Very good,Vintage,Purple,4,12.2
850451583,Blouse,12.95,S / 36 / 8,Very good,Vintage,Black,5,5.8125
844786433,Jacket,24.95,M / 38 / 10,Very good,Vintage,Brown,4,8.076923076923077
851730166,Cardigan,19.95,M / 38 / 10,Very good,Vintage,Brown,3,34.0
844757882,Jacket,29.95,L / 40 / 12,Very good,WITBOY,Brown,6,17.9375
851566238,Blouse,9.95,M / 38 / 10,Very good,Vintage,Red,3,6.5
851562076,Cardigan,22.95,L / 40 / 12,Very good,Vintage,Black,5,8.0
834757770,Jacket,24.95,L / 40 / 12,Very good,ETTY,Red,3,7.166666666666667
851231570,Skirt,12.95,S / 36 / 8,Very good,Vintage,Red,3,5.4
834736134,Sweater,22.95,M / 38 / 10,Very good,Vintage,Green,4,13.545454545454545
844831275,Dress,12.95,M / 38 / 10,Very good,Mango,Burgundy,4,10.0
836700348,Top,9.95,M / 38 / 10,Very good,Fair Lady,White,4,6.611111111111111
681689598,Blouse,7.95,L / 40 / 12,Very good,Vintage,Blue,3,15.5
845846750,Sweater,12.0,M / 38 / 10,Very good,Vintage,Blue,2,inf
845224849,Top,9.0,S / 36 / 8,Very good,Vintage,Brown,4,3.625
845223643,Top,10.0,S / 36 / 8,Very good,H&M,Blue,2,8.727272727272727
845222607,Top,10.0,M / 38 / 10,Very good,Vintage,Blue,2,inf
845221613,Sweater,10.0,M / 38 / 10,Very good,Vintage,Brown,2,4.0
844414237,Mens Top,15.0,L,Very good,Ralph Lauren,Purple,2,inf
844412068,Top,7.0,M / 38 / 10,Very good,Vintage,Blue,2,5.1875
841337752,Blouse,17.0,S / 36 / 8,New without tags,Vintage,Pink,2,5.1875
841335497,Pants,17.0,XS / 34 / 6,New without tags,Vintage,Brown,4,20.666666666666668
841333102,Top,15.0,XS / 34 / 6,New without tags,Liz @ Joe,Beige,3,6.090909090909091
841330293,Sweater,10.0,L / 40 / 12,New without tags,Vintage,Orange,3,26.0
837857926,Sweater,20.0,M / 38 / 10,Very good,Vintage,Pink,3,inf
837854184,Sweater,17.0,M / 38 / 10,Very good,Vintage,Purple,2,5.7407407407407405
837850427,Skirt,15.0,S / 36 / 8,Very good,Hennes,Green,4,23.0
837803998,Top,8.0,S / 36 / 8,Very good,Vintage,Black,3,15.0
837772547,Top,10.0,S / 36 / 8,New without tags,Replay,Black,5,27.0
837763847,Top,7.0,M / 38 / 10,Very good,Vintage,Pink,3,inf
837758658,Dress,14.99,XS / 34 / 6,Very good,motel rocks,Black,6,29.0
837754666,Top,14.99,M / 38 / 10,Very good,Puma,Yellow,5,2.0
837712558,Jeans,7.5,XS / 34 / 6,New without tags,Vintage,White,2,inf
776846200,Jeans,12.5,S / 36 / 8,Very good,Vintage,Brown,4,13.0
776841957,Jacket,55.0,XXL / 44 / 16,Very good,McGregor,Brown,5,inf
776446328,Top,6.0,S / 36 / 8,Very good,Vintage,Blue,4,inf
776140252,Underwear,8.0,S / 36 / 8,Very good,Vintage,Pink,6,37.42857142857143
776138181,Top,15.0,M / 38 / 10,Very good,Zaza,Yellow,4,inf
776135314,Pants,12.5,M / 38 / 10,Very good,Noisy may,Blue,4,inf
776131010,Jeans,11.0,M / 38 / 10,Very good,Urban Outfitters,Beige,3,248.0
776128707,Jeans,8.0,M / 38 / 10,Satisfactory,AMBIKA,Blue,4,inf
776125774,Dress,15.0,M / 38 / 10,Very good,UNKNOWN,Pink,6,inf
776123490,Top,10.0,XS / 34 / 6,New with tags,welooc,Pink,3,3.7777777777777777
776120217,Cardigan,15.0,S / 36 / 8,Very good,Vintage,Black,5,17.5
776118513,Top,20.0,S / 36 / 8,Very good,Topshop,Blue,1,inf
776116706,Sweater,5.0,XXXS / 30 / 2,New with tags,Vintage,Pink,1,8.11111111111111
776115001,Sweater,10.0,S / 36 / 8,Very good,H&M,Black,5,28.0
776112239,Blouse,12.0,M / 38 / 10,Very good,UNKNOWN,Black,3,10.0
776108997,Sweater,6.0,M / 38 / 10,Very good,Vintage,Black,2,inf
776106364,Blouse,15.0,S / 36 / 8,New with tags,Loavies,Brown,5,inf
776101486,Blouse,10.0,M / 38 / 10,Very good,G-Star,Beige,4,inf
776096272,Sweater,5.0,XS / 34 / 6,Good,Miss America,Blue,2,inf
776093232,Sweater,10.0,S / 36 / 8,Very good,Vintage,Red,4,inf
776090837,Top,8.0,S / 36 / 8,Very good,Urban Outfitters,Blue,3,17.0
776087754,Jacket,12.5,M / 38 / 10,Good,Army,Green,3,inf
776084791,Jacket,35.0,M / 38 / 10,Very good,Vintage,Red,4,inf
528962850,Top,10.0,XS / 34 / 6,New with tags,welooc,Pink,1,20.571428571428573
838233610,Top,8.0,S / 36 / 8,Very good,Vintage,Beige,2,47.0
838227054,Cardigan,15.0,One size,New without tags,Vintage,Blue,3,3.4444444444444446
838218341,Dress,20.0,L / 40 / 12,Very good,Vintage,Blue,3,5.615384615384615
787312525,Sweater,20.0,S / 36 / 8,Very good,Vintage,Purple,3,16.2
692389901,Jeans,15.0,S / 36 / 8,Very good,Vintage,Blue,4,16.7
676085334,Skirt,5.0,S / 36 / 8,Very good,Vintage,Grey,1,39.54545454545455
676079039,Blouse,10.0,S / 36 / 8,Very good,Vintage,Brown,2,20.4
837157766,Blouse,5.0,M / 38 / 10,Very good,Vintage,Black,4,11.0
837148284,Top,12.0,S / 36 / 8,Very good,Leon Karssen,Black,4,23.0
837137931,Blouse,3.0,S / 36 / 8,Very good,Vintage,White,4,inf
837131449,Sweater,5.0,M / 38 / 10,Very good,Vintage,Black,5,inf
837123372,Blouse,5.0,M / 38 / 10,Very good,AliExpress,Red,5,11.0
837114867,Blouse,4.0,S / 36 / 8,Very good,Vintage,Red,4,19.0
837104628,Sweater,30.0,M / 38 / 10,New without tags,Dickies,Black,3,10.26923076923077
837083537,Sweater,4.0,S / 36 / 8,Very good,Bershka,Black,5,12.8
836765594,Jacket,5.0,M / 38 / 10,Very good,Vintage,Black,4,13.333333333333334
836749535,Cardigan,6.0,M / 38 / 10,New without tags,AliExpress,Pink,5,4.555555555555555
836738170,Jacket,4.0,S / 36 / 8,Very good,Vintage,Pink,4,inf
659347007,Sweater,5.0,M / 38 / 10,Very good,Vintage,Grey,3,inf
659284306,Sweater,5.0,M / 38 / 10,Very good,& Other Stories,White,3,11.733333333333333
659267561,Sweater,3.0,M / 38 / 10,Good,Vintage,Multi,1,25.666666666666668
659254315,Top,4.0,S / 36 / 8,Very good,Bershka,White,3,7.0
659241693,Sweater,5.0,M / 38 / 10,Very good,Monki,White,4,12.8
609964067,Jewellery,1.0,,Very good,Claire's,Black,1,27.0
609961393,Jewellery,3.0,,Very good,Vintage,White,1,7.0
609958522,Jewellery,2.0,,Very good,Bershka,Silver,1,6.9
609952151,Jewellery,8.0,,Very good,Vintage,Green,2,5.5
609946349,Jewellery,3.0,16.5 mm ,Good,Vintage,White,1,20.0
609943347,Jewellery,3.0,16.5 mm ,Very good,Vintage,Silver,1,10.0
609937457,Jewellery,3.0,19.8 mm ,Good,Vintage,White,1,10.0
609934749,Jewellery,5.0,,Very good,Vintage,Purple,1,inf
609930959,Jewellery,3.0,,Very good,Vintage,White,1,inf
609929181,Jewellery,2.0,,Very good,Vintage,Brown,2,inf
609926943,Jewellery,4.0,,Very good,Vintage,Gold,1,inf
609924364,Jewellery,2.0,,Very good,UNKNOWN,Multi,3,10.0
609912082,Jewellery,7.0,,Very good,& Other Stories,Gold,2,7.666666666666667
609909191,Jewellery,5.0,,Very good,& Other Stories,Gold,1,11.0
600667965,Top,5.0,S / 36 / 8,Very good,UNKNOWN,Black,3,30.5
600647302,Coat,5.0,S / 36 / 8,Very good,Vintage,Black,5,17.333333333333332
600609212,Top,3.0,S / 36 / 8,Very good,Pull & Bear,Blue,3,12.333333333333334
600584473,Top,4.0,S / 36 / 8,Good,Brooklyn,Grey,3,11.2
600549253,Sweater,4.0,S / 36 / 8,Very good,H&M,Burgundy,4,9.0
600519621,Sweater,15.0,L / 40 / 12,Good,UNKNOWN,Burgundy,4,8.5
600507879,Dress,5.0,S / 36 / 8,Very good,Vintage,Black,3,inf
600491609,Dress,5.0,S / 36 / 8,Very good,Vintage,Mint,4,15.75
594013991,Hat,3.0,,Very good,Bershka,Black,4,19.5
457013796,Top,2.0,S / 36 / 8,Very good,H&M,White,3,12.0
446539880,Sweater,8.0,S / 36 / 8,Very good,& Other Stories,White,5,15.666666666666666
446535314,Sweater,3.0,S / 36 / 8,Very good,Bershka,Red,5,12.0
446527507,Pants,5.0,S / 36 / 8,Very good,Vintage,White,6,9.333333333333334
446525069,Suit,4.0,S / 36 / 8,Very good,Bershka,Blue,5,18.0
446523382,Jacket,4.0,M / 38 / 10,Very good,Bershka,Brown,3,12.0
444716968,Homeware,10.0,,New with tags,,,4,5.428571428571429
444704875,Sweater,4.0,S / 36 / 8,Very good,H&M,Blue,5,13.0
438922208,Shorts,1.0,M / 38 / 10,Very good,Bershka,Blue,5,12.666666666666666
438916685,Shorts,2.0,M / 38 / 10,Very good,Bershka,Silver,3,7.0
438899773,Sweater,4.0,M / 38 / 10,Very good,Mango,Blue,4,15.2
438895051,Dress,5.0,M / 38 / 10,Very good,Vintage,White,4,15.25
438862271,Jewellery,2.0,Adjustable,New without tags,Vintage,Blue,5,14.666666666666666
431324160,Jewellery,8.0,,Very good,& Other Stories,White,3,5.076923076923077
431318549,Homeware,25.0,,New without tags,,,9,inf
431302702,Sweater,10.0,M / 38 / 10,Very good,& Other Stories,Red,4,13.363636363636363
431294984,Dress,7.0,S / 36 / 8,Very good,Vintage,Navy,5,14.0
431290543,Dress,4.0,S / 36 / 8,Very good,Vintage,White,3,12.666666666666666
431288125,Homeware,5.0,,New without tags,,,6,32.5
429168055,Skirt,10.0,S / 36 / 8,Very good,& Other Stories,Black,6,14.7
429161893,Jacket,2.0,XS / 34 / 6,Very good,H&M,Light blue,3,33.0
429152043,Dress,5.0,S / 36 / 8,Very good,Bershka,White,3,3.25
429147360,Dress,8.0,XS / 34 / 6,Very good,Vintage,Black,4,inf
429140773,Dress,10.0,XS / 34 / 6,Very good,Vive Maria,Red,5,43.5
429126910,Suit,4.0,S / 36 / 8,Very good,Bershka,Black,4,27.0
429107978,Top,2.0,XS / 34 / 6,Very good,Vintage,White,3,inf
429101901,Suit,12.0,XS / 34 / 6,Very good,Vintage,Black,5,22.0
429065172,Top,2.0,M / 38 / 10,Very good,Bershka,Burgundy,4,10.5
429060507,Sweater,45.0,S / 36 / 8,Very good,HUF,Rose,6,21.333333333333332
429053697,Pants,25.0,S / 36 / 8,Very good,Vintage,Blue,4,33.5
429027755,Mens Sweater,18.0,S,Very good,Vintage,Grey,4,inf
429014823,Suit,8.0,XS / 34 / 6,Very good,& Other Stories,Navy,3,14.2
429002597,Top,2.0,S / 36 / 8,Very good,Bershka,White,4,18.0
485196793,Sweater,4.0,XS / 34 / 6,Very good,Monki,White,3,7.875
428973511,Sweater,3.0,M / 38 / 10,Very good,Primark,Blue,7,11.571428571428571
428824209,Skirt,7.0,S / 36 / 8,Very good,& Other Stories,Dark green,5,17.75
838146953,Top,10.0,XXS / 32 / 4,Very good,FB Sister,Green,3,164.0
838138127,Top,40.0,M / 38 / 10,Very good,Dsquared2,Blue,4,7.066666666666666
838131314,Pants,15.0,S / 36 / 8,Very good,Rebellion Only Play,Black,3,inf
838115441,Top,10.0,S / 36 / 8,Very good,Pigalle,Black,3,23.0
837728588,Dress,35.0,XS / 34 / 6,Very good,Cubus,Grey,3,inf
819935924,Top,7.0,S / 36 / 8,Very good,Zara,Black,2,16.303571428571427
819903898,Mens Sweater,25.0,S,Very good,Timberland,Grey,3,14.0
818757479,Jewellery,80.0,18.5 mm ,Very good,Swarovski,Silver,3,28.128205128205128
846771711,Jacket,285.0,M / 38 / 10,Good,Max Mara,Brown,14,55.6
846750261,Coat,115.0,M / 38 / 10,New without tags,Vintage,Red,15,9.875
846733838,Jacket,95.0,M / 38 / 10,Very good,Max Mara,Khaki,12,12.11111111111111
845404753,Jacket,45.0,M / 38 / 10,Very good,Max Mara,Beige,7,28.0
821075721,Jacket,55.0,S / 36 / 8,Very good,Vintage,Black,9,16.0
846761256,Coat,79.0,M / 38 / 10,Very good,Max Mara,Brown,9,10.46875
846726411,Jacket,85.0,S / 36 / 8,Very good,C√©line,Green,8,25.833333333333332
842819765,Pants,39.0,S / 36 / 8,Good,Max Mara,Grey,7,19.705882352941178
820241279,Coat,55.0,S / 36 / 8,Very good,Vintage,Black,5,96.2
852185262,Coat,115.0,L / 40 / 12,Very good,Max Mara,Brown,8,154.33333333333334
842850671,Jacket,60.0,S / 36 / 8,Very good,Vintage,Brown,5,16.533333333333335
823901065,Jacket,470.0,XS / 34 / 6,Very good,Max Mara,Black,11,18.45945945945946
848827787,Jacket,95.0,L / 40 / 12,Very good,Max Mara,Purple,9,37.5
832045118,Suit,45.0,S / 36 / 8,Very good,Vintage,Grey,7,10.322222222222223
812862798,Jacket,295.0,S / 36 / 8,Good,Max Mara,Brown,7,24.04
827649219,Blouse,45.0,M / 38 / 10,Very good,Max Mara,Cream,6,11.71875
832707919,Jacket,380.0,M / 38 / 10,Very good,Max Mara,Brown,11,19.23076923076923
832643078,Pants,35.0,XS / 34 / 6,Very good,Max Mara,Grey,7,10.666666666666666
832614961,Pants,55.0,S / 36 / 8,Very good,Max Mara,Rose,5,12.38888888888889
832612497,Pants,55.0,XS / 34 / 6,Very good,Max Mara,Rose,6,15.5
832610195,Coat,135.0,S / 36 / 8,Very good,Max Mara,Yellow,9,2.5
820192011,Pants,35.0,XS / 34 / 6,Very good,Vintage,Black,8,21.636363636363637
817511015,Jacket,131.0,S / 36 / 8,Good,Dior,Grey,13,15.9
812824073,Jacket,55.0,S / 36 / 8,Very good,Max Mara,Beige,4,10.4
803997982,Cardigan,95.0,One size,Very good,Givenchy,Yellow,5,32.125
803984302,Blouse,45.0,One size,Good,Max Mara,Yellow,7,5.777777777777778
804934238,Sweater,29.0,XS / 34 / 6,Very good,Vintage,White,4,4.60655737704918
780751219,Top,29.0,S / 36 / 8,Very good,Vintage,Turquoise,3,12.857142857142858
777125243,Pants,85.0,XS / 34 / 6,Very good,Max Mara,Beige,6,6.63855421686747
763865283,Accessory,19.0,,New with tags,the avocado sock,Green,3,23.235294117647058
760503566,Jacket,35.0,M / 38 / 10,Good,Thierry Mugler,Black,10,179.0
758001618,Jewellery,65.0,,Very good,Vintage,White,3,48.2
751936796,Heels,255.0,37,New with tags,Viktor & Rolf,Black,4,33.333333333333336
842225849,Skirt,25.0,S / 36 / 8,New without tags,Stradivarius,Black,5,51.0
841777130,Pants,18.0,S / 36 / 8,New without tags,Zaful,Brown,5,6.222222222222222
841732491,Top,20.0,S / 36 / 8,New without tags,SheInside,Black,5,4.25
841725161,Sweater,10.0,S / 36 / 8,Very good,lefties,Grey,5,4.5
841719995,Blouse,30.0,S / 36 / 8,New without tags,ASOS,Lilac,6,17.0
819067071,Sweater,18.0,M / 38 / 10,Very good,LOLITA S&L,Light blue,6,28.0
819059253,Dress,30.0,S / 36 / 8,New with tags,Inside,Black,7,23.8
817692355,Jeans,22.0,S / 36 / 8,New with tags,Molly Bracken,Black,8,24.75
803731499,Suit,20.0,M / 38 / 10,New without tags,SheInside,Black,3,11.695652173913043
800723237,Skirt,20.0,S / 36 / 8,New with tags,Inside,Black,6,32.333333333333336
797585889,Pajamas,20.0,S / 36 / 8,New without tags,Dolce D‚Äôamore,Rose,7,269.0
794463292,Makeup,20.0,,New with tags,Pixi,,4,7.375
794454068,Makeup,32.0,,New with tags,mudmasky,,5,inf
788564825,Athletic Wear,18.0,S / 36 / 8,New without tags,Molly Bracken,Grey,7,34.266666666666666
787647928,Accessory,8.0,,New with tags,Sonix,Multi,3,35.0
787647332,Accessory,12.0,,New with tags,Sonix,Black,7,8.2
784389872,Dress,28.0,S / 36 / 8,New without tags,Urban Outfitters,Black,4,15.0
776167330,Jacket,40.0,XS / 34 / 6,Very good,NA-KD,Burgundy,7,20.4
776161066,Pants,14.0,S / 36 / 8,Very good,Inside,Black,6,45.0
776137416,Boots,14.0,38,Good,Mimao,Black,7,26.88888888888889
607233849,Shoes,30.0,38,New with tags,JustFab,Brown,5,12.4
746372278,Accessory,6.0,,New with tags,la casa de las carcasas,Blue,5,36.5
745268797,Makeup,12.0,,New with tags,Pixi,,3,12.75
739839255,Dress,25.0,XS / 34 / 6,New without tags,Molly Bracken,Black,9,52.42857142857143
736008262,Pants,10.0,S / 36 / 8,Very good,Inside,Black,6,inf
732312333,Pants,18.0,S / 36 / 8,New with tags,Inside,Grey,7,19.0
732266531,Pants,16.0,S / 36 / 8,New without tags,Pull & Bear,Black,7,11.6
688501634,Heels,8.0,38,Good,lefties,Black,4,44.0
687678711,Mens Top,26.0,M,New with tags,Compania Fantastica,Green,5,6.384615384615385
684976519,Hat,7.0,,New without tags,ASOS,Rose,5,7.333333333333333
684819500,Skirt,20.0,S / 36 / 8,New without tags,The desire shop,Black,5,10.0
678670608,Blouse,18.0,M / 38 / 10,New without tags,Urban Outfitters,Black,6,15.1
672085657,Pants,12.0,S / 36 / 8,New with tags,Zaful,Green,8,16.153846153846153
669485253,Sweater,28.0,S / 36 / 8,New without tags,sixames,Multi,4,9.6
656046772,Pants,15.0,S / 36 / 8,New with tags,Inside,Black,7,37.75
653113735,Top,12.0,S / 36 / 8,New with tags,Inside,Blue,4,36.0
643587859,Accessory,5.0,,New without tags,PEPE MOLL,Black,4,6.25
643582378,Jewellery,18.0,,New with tags,Vicente Vidal,Gold,3,11.333333333333334
640405478,Jeans,16.0,XS / 34 / 6,New without tags,Pull & Bear,Blue,5,56.0
640401050,Jeans,8.0,XS / 34 / 6,Very good,Pull & Bear,Light blue,5,43.705882352941174
635018942,Shoes,18.0,38,Very good,JustFab,Black,4,7.75
635010473,Top,6.0,S / 36 / 8,New with tags,Inside,Brown,6,9.166666666666666
632329439,Blouse,20.0,S / 36 / 8,New with tags,NA-KD,Black,6,12.9375
631460624,Dress,15.0,One size,Very good,i saw it first,Brown,7,22.733333333333334
631457629,Blouse,10.0,S / 36 / 8,New without tags,Mango,Black,5,14.4
631079227,Top,14.0,S / 36 / 8,New without tags,Pull & Bear,Lilac,4,4.289156626506024
628260840,Top,12.0,M / 38 / 10,New with tags,Inside,Black,6,9.333333333333334
623150115,Dress,18.0,S / 36 / 8,New with tags,Zaful,White,7,26.6
621040548,Swimsuit,8.0,S / 36 / 8,New without tags,Zaful,Blue,9,6.333333333333333
621036612,Heels,6.0,38,Satisfactory,Refresh,Brown,6,13.333333333333334
621032986,Bag,4.0,,New without tags,SheInside,Purple,5,inf
621030480,Shorts,7.0,S / 36 / 8,New without tags,Inside,White,5,inf
621027496,Dress,6.0,S / 36 / 8,New without tags,SheInside,Grey,5,34.0
621022598,Pajamas,5.0,S / 36 / 8,Very good,Inside,Grey,7,10.0
618345356,Sweater,11.0,One size,New with tags,veneno,White,6,11.933333333333334
560369874,Sweater,130.0,L / 40 / 12,New without tags,Adidas,White,6,43.714285714285715
613770808,Dress,6.0,S / 36 / 8,New without tags,Boohoo,Black,5,inf
613762178,Blouse,8.0,L / 40 / 12,New without tags,La Morena,Red,6,10.666666666666666
613496490,Sneakers,36.0,38,Very good,Vans,Grey,7,12.3
613494107,Shoes,11.0,38,Good,Pull & Bear,Black,5,3.7096774193548385
612447466,Accessory,6.0,,New without tags,Pull & Bear,Lilac,4,4.625
610872468,Jeans,10.0,S / 36 / 8,Very good,Inside,Blue,8,202.0
610859630,Jeans,8.0,XS / 34 / 6,Very good,JustFab,Blue,6,87.5
606685075,Pants,5.0,S / 36 / 8,Good,Shana,Rose,5,152.0
606387039,Top,18.0,S / 36 / 8,New without tags,showpo,Black,7,12.444444444444445
603044623,Jewellery,4.0,,New without tags,anartxy,Green,4,3.3333333333333335
598624743,Bag,5.0,,New without tags,JustFab,Beige,4,18.5
598619542,Shorts,10.0,S / 36 / 8,New without tags,Zaful,Blue,5,19.88888888888889
598613447,Top,10.0,S / 36 / 8,New without tags,Inside,Black,5,25.0
598610397,Bag,8.0,,New with tags,Miniso,Pink,4,inf
595170033,Dress,12.0,S / 36 / 8,New without tags,SheInside,Green,9,10.1875
594784089,Top,7.5,One size,New with tags,Zaful,Red,7,15.6
585505505,Jewellery,3.0,,New without tags,ASOS,Blue,4,inf
585503940,Jewellery,4.0,,Very good,Vesiica,Gold,3,12.5
581156005,Jewellery,6.0,,New with tags,Vintage,Gold,2,18.666666666666668
570527071,Top,10.0,S / 36 / 8,New without tags,ASOS,Black,5,14.0
570525101,Top,6.5,S / 36 / 8,New without tags,ASOS,White,3,3.8518518518518516
570524440,Suit,14.0,S / 36 / 8,New without tags,SheInside,Lilac,7,14.38888888888889
568244700,Shoes,25.0,37,Very good,sixtyseven,Beige,6,10.090909090909092
565825667,Swimsuit,6.0,S / 36 / 8,New with tags,Inside,Silver,3,13.857142857142858
565823882,Swimsuit,9.0,M / 38 / 10,New with tags,Inside,Silver,3,18.0
559701389,Top,10.0,S / 36 / 8,New without tags,Shana,Black,5,7.333333333333333
559698215,Blouse,15.0,L / 40 / 12,New without tags,Compania Fantastica,Red,4,10.666666666666666
555707599,Blouse,12.0,S / 36 / 8,New without tags,Quiz,Black,4,15.8
553309995,Top,8.0,M / 38 / 10,Very good,,White,7,14.4
553305989,Top,5.5,S / 36 / 8,Very good,Zaful,Pink,4,8.133333333333333
553254134,Sneakers,15.0,37,Satisfactory,VAS,Grey,8,73.0
539835932,Jeans,8.0,XS / 34 / 6,Very good,Mango,White,7,26.5
539790309,Dress,8.0,S / 36 / 8,New without tags,SheInside,Black,5,9.615384615384615
528717299,Bag,14.0,,New without tags,bosanova,Brown,5,20.833333333333332
526010363,Swimsuit,10.0,S / 36 / 8,New without tags,Shein,Yellow,8,126.0
525784272,Bag,4.5,,Very good,Bershka,Black,6,30.666666666666668
525649880,Dress,12.0,S / 36 / 8,New with tags,Zaful,White,9,13.625
521419397,Makeup,2.0,,New with tags,Miss cop,,5,41.0
514588235,Blouse,12.0,S / 36 / 8,New without tags,Venca,Pink,6,8.2
512547097,Jewellery,2.5,,New with tags,Inside,Gold,3,17.5
837276958,Bag,25.0,,New without tags,gussaci,White,7,6.035714285714286
837257755,Blouse,22.0,XS / 34 / 6,New without tags,Vintage,Black,3,0.9743589743589743
840813637,Bag,20.0,,Very good,,Brown,4,4.130434782608695
828598689,Cardigan,15.0,XS / 34 / 6,New without tags,Vintage,Blue,3,3.0689655172413794
801764471,Top,21.0,M / 38 / 10,New without tags,,White,4,14.583333333333334
783929724,Top,10.0,XS / 34 / 6,New without tags,Monki,Black,4,12.333333333333334
850823506,Blouse,17.5,M / 38 / 10,Very good,Vintage,Rose,10,inf
850819688,Cardigan,24.0,S / 36 / 8,Very good,Vintage,Black,10,inf
850806148,Jacket,24.0,S / 36 / 8,Very good,Vintage,Blue,8,23.0
850801090,Pants,17.0,S / 36 / 8,Very good,oui,Multi,12,39.0
850796871,Blouse,29.0,S / 36 / 8,Good,Vintage,Burgundy,8,31.0
850790384,Mens Sweater,34.0,S,Very good,Vintage,Grey,7,10.333333333333334
850783313,Dress,24.0,S / 36 / 8,Very good,Vintage,Black,7,inf
850778325,Cardigan,34.0,L / 40 / 12,Very good,Vintage,Grey,10,8.333333333333334
850543666,Sweater,39.0,L / 40 / 12,Very good,Vintage,Red,12,17.4
850508483,Blouse,30.0,M / 38 / 10,Very good,Vintage,Multi,5,19.0
850481172,Sweater,34.0,M / 38 / 10,Very good,Vintage,Brown,11,2.9655172413793105
850474466,Jacket,95.0,L / 40 / 12,Very good,Vintage,Brown,11,54.0
850450321,Cardigan,36.0,S / 36 / 8,Very good,Vintage,Pink,9,6.181818181818182
850442994,Top,24.0,One size,Very good,Vintage,Black,3,inf
850437015,Coat,65.0,L / 40 / 12,Very good,Vintage,Burgundy,6,9.428571428571429
838208971,Dress,27.0,M / 38 / 10,Very good,Vintage,Grey,10,inf
838203931,Sweater,19.0,S / 36 / 8,Very good,Vintage,Grey,7,5.0
838198463,Blouse,24.0,M / 38 / 10,Very good,Vintage,Black,10,39.0
838194860,Blouse,19.0,M / 38 / 10,Very good,Vintage,Black,6,39.0
838188803,Suit,39.0,M / 38 / 10,Very good,Vintage,Brown,12,10.5
838182708,Cardigan,29.0,M / 38 / 10,Very good,Vintage,Beige,8,16.5
838176767,Blouse,19.0,M / 38 / 10,Good,Vintage,Pink,11,17.6
838111530,Cardigan,24.0,L / 40 / 12,Very good,Giorgio Bagioli,Red,11,inf
838082033,Sweater,24.0,S / 36 / 8,Good,Vintage,Brown,11,14.25
837982770,Blouse,24.0,M / 38 / 10,Very good,Vintage,Black,11,5.25
837924510,Accessory,5.0,,Good,Onbekend,Red,7,16.5
837903418,Accessory,5.0,,Good,Onbekend,White,7,inf
827687607,Cardigan,29.0,L / 40 / 12,Very good,Vintage,Grey,9,inf
827651316,Jacket,39.0,S / 36 / 8,Very good,Vintage,Black,10,33.0
827649952,Sweater,24.0,S / 36 / 8,Very good,Vintage,Black,5,17.428571428571427
825634003,Mens Sweater,24.0,M,Very good,Vintage,Black,9,8.0
825628658,Pants,9.5,S / 36 / 8,Good,SCOTCH & SODA,Black,6,17.333333333333332
825625732,Dress,19.95,L / 40 / 12,Very good,Vintage,Black,6,17.75
825568752,Blouse,19.0,M / 38 / 10,Very good,Vintage,Black,11,9.0
825559197,Top,9.95,S / 36 / 8,Very good,Vintage,Black,9,inf
825552679,Top,17.5,M / 38 / 10,Very good,Vintage,Black,11,14.5
825546945,Jacket,29.0,L / 40 / 12,Satisfactory,Vintage,Beige,14,8.923076923076923
807771425,Jacket,17.5,S / 36 / 8,Very good,Vintage,Black,8,19.555555555555557
798007262,Cardigan,9.95,M / 38 / 10,Good,Vintage,Black,7,12.666666666666666
797964754,Blouse,19.0,L / 40 / 12,Very good,Vintage,Rose,7,12.692307692307692
817626288,Cardigan,14.95,M / 38 / 10,Very good,Vintage,Red,10,10.0
817613234,Sweater,14.95,M / 38 / 10,Good,Vintage,Purple,9,6.375
817610785,Cardigan,14.95,M / 38 / 10,Very good,Vintage,Blue,9,18.5
817603315,Suit,12.5,S / 36 / 8,Very good,Vintage,Black,4,20.0
807741843,Blouse,17.5,M / 38 / 10,Very good,Vintage,Brown,6,20.666666666666668
807745980,Dress,19.0,XS / 34 / 6,Good,Vintage,Pink,9,20.2
807734525,Blouse,14.95,S / 36 / 8,Very good,Vintage,Rose,3,6.875
807724048,Blouse,14.5,S / 36 / 8,Very good,Vintage,Black,9,15.8
807701829,Top,14.5,M / 38 / 10,Very good,Vintage,Multi,9,12.6
807696291,Dress,14.5,S / 36 / 8,Very good,Vintage,Purple,11,17.666666666666668
807687919,Bag,9.95,,Very good,Vintage,Black,8,8.5
798013987,Bag,9.95,,Very good,Vintage,White,6,7.6
797990549,Blouse,9.5,L / 40 / 12,Very good,Vintage,Lilac,6,9.352941176470589
797987303,Bag,14.95,,Very good,Vintage,Black,9,18.4
787507682,Jacket,20.0,XS / 34 / 6,Good,Vintage,Brown,8,13.1
785350233,Top,14.5,M / 38 / 10,Very good,Vintage,Brown,3,17.125
768356826,Top,14.5,S / 36 / 8,Very good,Vintage,Brown,7,24.333333333333332
686288304,Skirt,14.0,M / 38 / 10,Very good,Vintage,Brown,11,59.5
722444275,Blouse,9.95,S / 36 / 8,Very good,Vintage,Grey,11,11.0
815904876,Bag,14.95,,Very good,Onbekend,Pink,7,8.333333333333334
794909872,Blouse,34.95,XL / 42 / 14,Very good,Vintage,Black,10,37.666666666666664
780311349,Jewellery,14.95,17.7 mm ,New without tags,Vintage,Silver,5,11.583333333333334
687931251,Pants,7.5,S / 36 / 8,New without tags,C&A,Green,7,1.6
682396025,Jacket,39.95,M / 38 / 10,New without tags,Vintage,Black,9,64.75
466010275,Athletic Wear,4.0,M / 38 / 10,Very good,Onbekend,Grey,7,44.75
842624791,Jewellery,19.95,,New without tags,Lucardi,Silver,2,11.1
826317033,Blouse,12.5,M / 38 / 10,Very good,Didi,Grey,7,15.0
826310396,Blouse,14.95,L / 40 / 12,Very good,bloomings amsterdam,Black,7,27.5
466019955,Jacket,3.0,M / 38 / 10,Very good,Hema,Blue,10,60.6
826395969,Cardigan,19.95,L / 40 / 12,Very good,Vintage,Blue,8,78.0
826386148,Bag,29.95,,Very good,Nobile,Black,5,11.9
811666949,Bag,14.95,,New without tags,Vintage,Brown,7,6.37037037037037
843407612,Accessory,4.0,,New without tags,Logo,Beige,2,7.5
815833565,Sweater,19.95,M / 38 / 10,New without tags,,Cream,9,1.0
794552019,Suit,14.95,M / 38 / 10,Very good,Amisu,Black,10,40.18181818181818
826327682,Blouse,14.95,M / 38 / 10,Very good,Aaiko,Black,7,27.0
815992737,Jewellery,3.0,,Very good,SIX,Silver,3,inf
826392759,Jewellery,4.0,,Very good,Boetiek,Grey,2,inf
815964243,Jewellery,2.0,,Very good,Onbekend,Grey,3,inf
684389519,Blouse,19.95,S / 36 / 8,Very good,Vintage,Black,8,57.0
780975300,Accessory,2.5,,New without tags,Boozyshop,Cream,1,20.0
766207150,Blouse,9.95,M / 38 / 10,Very good,Pins and Needles,Rose,8,27.333333333333332
766193378,Blouse,19.95,L / 40 / 12,New without tags,Seul,Beige,6,11.333333333333334
749970574,Sneakers,44.95,37,Very good,ishu,Grey,7,73.0
764994875,Homeware,9.95,,New without tags,handmade,Pink,7,8.222222222222221
749977089,Homeware,2.0,,New without tags,Vintage,White,1,8.285714285714286
724334059,Blouse,7.5,M / 38 / 10,Very good,Onbekend,White,7,18.5
687921514,Suit,3.0,S / 36 / 8,Very good,Onbekend,Black,2,46.0
684382668,Blouse,14.95,XS / 34 / 6,Very good,Vintage,Multi,6,21.75
650893249,Jewellery,3.0,,Very good,H&M,Blue,3,20.5
465984025,Mens Top,7.5,M,Very good,Didi,Red,13,26.0
850310075,Coat,25.0,L / 40 / 12,Very good,Vintage,Black,5,7.269230769230769
850288066,Cardigan,8.0,M / 38 / 10,Very good,Bershka,Brown,5,26.5
847694825,Suit,35.0,L / 40 / 12,Very good,Vintage,Grey,6,6.083333333333333
846369799,Bag,6.0,,Very good,Nine West,Black,2,2.0
846369489,Bag,6.0,,Very good,Bershka,Black,1,5.333333333333333
846365188,Bag,12.0,,Very good,Vintage,Brown,2,2.297872340425532
830327485,Hat,8.5,,Very good,Vintage,Black,2,7.0
830282916,Bag,10.0,,Very good,Vintage,Black,2,1.8837209302325582
830273489,Bag,10.0,,Very good,Vintage,Green,2,4.8
830255720,Top,18.5,M / 38 / 10,Very good,kappa,Black,5,8.5
830249602,Top,12.0,M / 38 / 10,Very good,Sisley,Pink,4,9.2
830240318,Bag,12.0,,Very good,Vintage,Pink,2,7.416666666666667
811156078,Top,10.0,S / 36 / 8,Very good,Hollister,Blue,6,7.733333333333333
811139687,Jeans,18.5,M / 38 / 10,Very good,Vintage,Blue,5,8.472
803224597,Top,10.0,M / 38 / 10,Very good,Vintage,Red,5,15.428571428571429
797161358,Pants,15.0,M / 38 / 10,Very good,pierre cardin,Brown,6,9.246575342465754
797139955,Top,7.0,L / 40 / 12,Very good,Vintage,Yellow,6,11.736842105263158
697432516,Top,6.0,XS / 34 / 6,New with tags,H&M,Green,6,14.571428571428571
459186213,Sweater,3.0,S / 36 / 8,Very good,Pull & Bear,Red,6,26.5
835312838,Sweater,10.0,M / 38 / 10,Very good,Zara,Grey,3,5.8
826742869,Sweater,13.0,M / 38 / 10,Very good,Vintage,Red,3,6.75
758414701,Skirt,7.0,M / 38 / 10,New without tags,Topshop,Burgundy,3,6.285714285714286
758408241,Top,7.0,M / 38 / 10,Very good,Zara,Black,6,inf
758398344,Top,6.0,M / 38 / 10,Very good,Zara,Black,3,13.5
758392508,Jeans,9.0,M / 38 / 10,Very good,Zara,Black,4,30.0
758381661,Pants,8.0,M / 38 / 10,Very good,Pull & Bear,Pink,3,8.875
734091818,Blouse,8.0,M / 38 / 10,Very good,Zara,Blue,5,10.375
734062155,Top,8.0,M / 38 / 10,New without tags,ASOS,Blue,6,14.0
734027151,Blouse,6.5,M / 38 / 10,New without tags,Vintage,Pink,4,10.44
791646815,Underwear,12.0,L / 40 / 12,New with tags,Passionata,Rose,2,103.5
791641705,Underwear,18.0,75D,New with tags,Passionata,Blue,3,8.0
791637746,Underwear,12.0,L / 40 / 12,New with tags,Passionata,Rose,4,inf
774972289,Underwear,35.0,M / 38 / 10,New without tags,andres,Green,5,11.0
781421807,Accessory,10.0,,New with tags,Passionata,White,2,68.33333333333333
781397551,Underwear,15.0,75B,New with tags,Marie Jo,Pink,6,6.8
781371792,Underwear,15.0,70D,New with tags,Passionata,Grey,5,11.75
781353097,Underwear,22.0,70C,New with tags,Passionata,Grey,9,31.666666666666668
781333986,Underwear,12.0,Other,New with tags,Passionata,Cream,3,33.0
780871968,Underwear,15.0,70C,New with tags,Passionata,Pink,6,16.0
780863124,Underwear,15.0,80A & AA,New with tags,Passionata,Black,4,12.5
780854250,Underwear,18.0,75B,New with tags,Marie Jo,Burgundy,6,11.333333333333334
780849105,Accessory,22.0,,New with tags,Marie Jo,Beige,4,18.0
780120934,Underwear,12.0,70B,New with tags,Passionata,Orange,6,13.0
780109961,Underwear,13.0,70A & AA,New with tags,Passionata,Red,9,14.666666666666666
779866688,Underwear,13.0,70C,New with tags,Passionata,Turquoise,5,34.0
779292586,Underwear,12.0,Other,New with tags,Passionata,Black,4,11.333333333333334
779273822,Underwear,12.0,Other,New with tags,Passionata,Beige,4,31.0
727123830,Underwear,40.0,L / 40 / 12,New with tags,Prima Donna,Multi,5,25.46153846153846
741514182,Jewellery,10.0,,New with tags,stainless steel,Gold,2,47.0
741500035,Jewellery,10.0,,New with tags,stainless steel,Gold,1,47.0
741486072,Jewellery,10.0,,New with tags,stainless steel,Silver,2,47.0
754140784,Jewellery,10.0,,New with tags,stainless steel,Gold,2,47.0
727225274,Underwear,40.0,L / 40 / 12,New with tags,Prima Donna,Brown,6,18.5
727204768,Underwear,40.0,L / 40 / 12,New with tags,Prima Donna,Pink,6,19.333333333333332
727768137,Makeup,43.0,,New with tags,Filorga,,4,83.0
727241324,Underwear,40.0,L / 40 / 12,New with tags,Prima Donna,Rose,4,34.0
650927665,Jewellery,10.0,,New with tags,stainless steel,Silver,2,3.75
532672006,Swimsuit,40.0,M / 38 / 10,New with tags,Andres Sarda,Multi,5,40.0
532667166,Swimsuit,40.0,M / 38 / 10,New with tags,Andres Sarda,Purple,5,18.75
532707699,Underwear,35.0,Other,New with tags,Andres Sarda,Beige,7,18.5
388270873,Underwear,25.0,70E,New with tags,Andres Sarda,Multi,3,22.2
380355275,Makeup,30.0,,New with tags,Filorga,,3,27.0
382038739,Underwear,25.0,75B,New with tags,Marie Jo,Green,5,152.0
380370680,Makeup,38.0,,New with tags,Dior,,3,9.576923076923077
344759867,Pajamas,40.0,Other,New with tags,Prima Donna,Red,4,117.0
344753060,Pajamas,30.0,Other,New with tags,Marie Jo,Grey,2,20.5
344656879,Pajamas,35.0,Other,New with tags,Marie Jo,White,3,20.5
344533774,Underwear,40.0,Other,New with tags,Simone P√©r√©le,Orange,5,46.5
344416857,Underwear,35.0,Other,New with tags,Marie Jo,Orange,5,6.888888888888889
313122069,Jewellery,60.0,,New without tags,,Black,1,inf
313117876,Jewellery,10.0,,New without tags,,Black,1,inf
313113083,Jewellery,20.0,,New without tags,,Red,2,7.333333333333333
313104878,Jewellery,20.0,,New without tags,,Yellow,1,inf
306938119,Accessory,20.0,,New without tags,,Blue,1,5.8
306880457,Jewellery,55.0,,New without tags,,Blue,1,12.25
306835361,Jewellery,35.0,,New without tags,,Blue,1,12.25
306831871,Jewellery,55.0,,New without tags,,White,1,12.25
306824878,Jewellery,35.0,,New without tags,,Red,1,12.25
852818667,Accessory,8.0,,New with tags,Etincelle,Grey,3,inf
851579518,Jacket,11.9,S / 36 / 8,Good,Monoprix,Navy,8,18.0
852805106,Pants,11.5,L / 40 / 12,New with tags,Saint-Hilaire,Black,3,17.0
851799633,Accessory,5.0,,Very good,Boutique Ind√©pendante,White,3,30.0
851598568,Accessory,5.0,,Very good,somma,Black,6,50.0
851283341,Sweater,23.88,S / 36 / 8,New with tags,Eleven Paris,Pink,9,43.0
848528125,Cardigan,11.89,M / 38 / 10,Very good,DEVERNOIS,Black,10,11.25
845571253,Top,9.7,S / 36 / 8,Very good,Vintage,Black,10,11.444444444444445
845547774,Accessory,9.8,,Very good,United Colors of Benetton,Burgundy,10,16.0
840145731,Accessory,5.9,,Very good,sans marque,Grey,4,12.0
840120661,Skirt,13.0,XS / 34 / 6,Very good,Vintage,Blue,10,19.0
840685303,Top,12.8,L / 40 / 12,Very good,Vintage,Blue,7,8.0
838458973,Sweater,9.96,M / 38 / 10,Very good,Vintage,Black,6,27.166666666666668
838454989,Sweater,9.96,M / 38 / 10,Very good,Vintage,Beige,9,9.5625
838429693,Top,4.9,M / 38 / 10,New without tags,Reebok,Coral,5,23.0
838413124,Jacket,14.6,L / 40 / 12,Very good,Les Prairies De Paris,Pink,9,20.0
833336755,Top,29.6,S / 36 / 8,Very good,Vintage,Purple,11,17.666666666666668
831681075,Shoes,18.9,40,New without tags,Bensimon,Pink,6,52.0
831583573,Sweater,9.8,S / 36 / 8,Very good,Stanley Stella,Navy,6,28.666666666666668
831570633,Accessory,9.0,,New with tags,Rodier,Red,3,18.4
828474936,Accessory,10.0,,Very good,Galeries Lafayette,Black,5,10.75
828403190,Skirt,10.0,M / 38 / 10,Very good,sans marque,Black,6,61.25
825857713,Accessory,5.0,,New without tags,handmade,Green,3,31.5
825844603,Pants,5.0,S / 36 / 8,Very good,Monoprix,Black,7,29.0
821985700,Jeans,10.0,M / 38 / 10,Very good,Zara,Grey,7,58.5
820144004,Dress,35.8,XXL / 44 / 16,Very good,sandwich,Black,5,16.571428571428573
811453963,Pants,14.8,XXL / 44 / 16,Very good,Bertha,Navy,6,24.25
804838519,Skirt,15.9,M / 38 / 10,Very good,Vintage,Blue,5,24.333333333333332
804800966,Skirt,13.8,M / 38 / 10,Very good,Vintage,Navy,8,20.5
812268518,Jacket,39.8,L / 40 / 12,New without tags,Vintage,Red,12,16.46153846153846
804794929,Skirt,15.9,M / 38 / 10,Very good,Vintage,Navy,10,43.0
804831509,Skirt,13.8,L / 40 / 12,Very good,Vintage,Black,9,63.6
793661508,Top,10.8,L / 40 / 12,Very good,Vintage,White,9,15.5
793659764,Dress,13.0,S / 36 / 8,Very good,Vintage,Brown,10,5.923076923076923
791255144,Skirt,13.9,M / 38 / 10,Very good,Vintage,Blue,9,13.714285714285714
791908794,Pants,2.0,M / 38 / 10,Very good,H&M,Black,8,75.0
791315038,Pants,15.8,M / 38 / 10,Very good,cerruti,Black,5,27.0
788382615,Heels,5.9,39,Very good,sans marque,Black,8,6.777777777777778
787199794,Jacket,11.8,M / 38 / 10,Very good,Vintage,Navy,7,6.133333333333334
786804924,Homeware,9.8,,Very good,handmade,Pink,4,6.5
782875554,Accessory,8.9,,Very good,Angelo Litrico,Black,3,2.0
782868585,Accessory,8.9,,Very good,Tie Rack,Black,5,2.6923076923076925
782848581,Accessory,10.9,,Very good,Tie Rack,Grey,4,3.1538461538461537
781096135,Jacket,45.9,L / 40 / 12,Very good,Dolomiten sportswear,Black,14,4.2727272727272725
770348438,Sweater,14.9,M / 38 / 10,Very good,,Grey,8,7.6923076923076925
779534214,Shoes,5.0,39,Very good,Decathlon,Grey,4,11.153846153846153
779512257,Sneakers,48.9,40,Very good,Nike,Gold,6,10.083333333333334
792697049,Accessory,7.9,,New with tags,Rodier,Green,2,15.0
770339911,Cardigan,45.9,M / 38 / 10,Very good,Vintage,Grey,10,41.5
767575979,Accessory,10.9,,Very good,Vintage,Black,4,10.625
749879000,Blouse,10.0,M / 38 / 10,New without tags,sans marque,Orange,6,12.25
749839947,Blouse,10.8,M / 38 / 10,Very good,N√ºmph,Green,10,11.9
749673355,Coat,70.9,M / 38 / 10,Very good,Vintage,Black,9,10.0
749804796,Dress,10.0,M / 38 / 10,Very good,Vintage,Blue,6,12.764705882352942
758538060,Dress,13.9,M / 38 / 10,Very good,Zara,Black,5,3.5
749725506,Sweater,4.9,XS / 34 / 6,Good,American Eagle Outfitters,Pink,6,4.666666666666667
682977360,Boots,5.0,39,Good,Boutique Ind√©pendante,Blue,7,2.0
682961862,Shoes,7.9,39,Good,Boutique Ind√©pendante,Black,4,7.666666666666667
682952704,Shoes,5.0,39,Good,Boutique Ind√©pendante,Brown,4,19.5
675269986,Coat,68.9,XL / 42 / 14,Good,Burberry,Beige,9,28.533333333333335
544475196,Dress,19.0,M / 38 / 10,Good,,White,7,23.166666666666668
535719913,Top,2.9,M / 38 / 10,Very good,,Blue,6,15.333333333333334
526223960,Sneakers,29.0,39.5,Very good,New Balance,Blue,4,57.333333333333336
526229889,Bag,13.0,,Very good,Vintage,Brown,5,28.333333333333332
526232068,Bag,14.9,,Very good,Vintage,Brown,5,41.0
368972539,Jeans,15.9,S / 36 / 8,Very good,Patrizia Pepe,Yellow,4,8.0
368903870,Dress,110.9,S / 36 / 8,Very good,Iro,Cream,6,22.625
367533147,Mens Shirt,3.0,M,Very good,Brice,Grey,4,46.0
366761460,Mens Tops,6.9,M,Very good,Boutique Ind√©pendante,Navy,4,24.2
349441957,Bag,10.0,,New without tags,,Black,4,70.5
336547605,Suit,110.9,M / 38 / 10,New without tags,Tara Jarmon,Cream,4,50.125
335892043,Top,3.0,M / 38 / 10,Very good,Puma,Brown,6,14.625
335887934,Suit,5.0,M / 38 / 10,Very good,Jacqueline Riu,Black,5,53.333333333333336
334733246,Jacket,126.9,M / 38 / 10,New without tags,COS,Green,5,12.852459016393443
148301307,Skirt,2.0,M / 38 / 10,Good,Promod,Blue,5,36.5
148261659,Bag,3.0,,Very good,Vintage,Black,4,99.0
127596468,Heels,5.0,39,Good,Zara,Black,3,98.0
852661701,Jacket,50.0,XL / 42 / 14,Very good,Vintage,Navy,6,25.0
852656416,Jacket,47.0,M / 38 / 10,Very good,Vintage,Brown,6,43.0
809897164,Jacket,55.0,L / 40 / 12,Very good,Vintage,Brown,6,9.3125
809885986,Jacket,55.0,L / 40 / 12,Very good,Vintage,Brown,7,12.333333333333334
809854985,Jacket,55.0,M / 38 / 10,Very good,Vintage,Black,5,6.0
804601153,Jacket,55.0,M / 38 / 10,Very good,Vintage,Brown,5,21.666666666666668
803230076,Jacket,55.0,L / 40 / 12,Very good,Vintage,Brown,5,27.666666666666668
803217673,Jacket,50.0,M / 38 / 10,Very good,Vintage,Brown,8,4.285714285714286
800171683,Jacket,55.0,L / 40 / 12,Very good,Vintage,Brown,7,168.0
798990711,Jacket,50.0,L / 40 / 12,Very good,Vintage,Grey,5,12.636363636363637
797905323,Jacket,55.0,L / 40 / 12,Very good,Vintage,Grey,9,12.636363636363637
797266080,Jacket,55.0,M / 38 / 10,Very good,Vintage,Cream,6,7.5
846077152,Top,26.0,M / 38 / 10,Very good,Vintage,Coral,2,15.8
845971811,Cardigan,27.5,M / 38 / 10,Very good,Vintage,Cream,4,63.0
832223749,Mens Jacket,50.0,XL,Very good,Vintage,Grey,6,17.0
830913990,Mens Jacket,55.0,M,Very good,Rica Lewis,Blue,5,9.5
837978837,Sweater,40.0,XL / 42 / 14,Very good,Vintage,Red,6,19.333333333333332
837965899,Top,32.0,XS / 34 / 6,Very good,Vintage,White,5,16.75
837955879,Dress,8.0,S / 36 / 8,Very good,Onbekend,Blue,4,inf
837947851,Sweater,6.0,M / 38 / 10,Very good,Bershka,Grey,4,inf
837939626,Sweater,5.0,M / 38 / 10,Very good,Onbekend,Cream,3,14.0
836618544,Sweater,32.0,S / 36 / 8,Very good,Vintage,Red,5,10.076923076923077
825756033,Jacket,47.0,M / 38 / 10,Very good,Vintage,Multi,6,2.6216216216216215
833652641,Top,26.0,S / 36 / 8,Very good,Vintage,Coral,3,31.0
833647289,Jacket,47.0,M / 38 / 10,Very good,Vintage,Red,5,11.583333333333334
828307220,Blouse,30.0,M / 38 / 10,Very good,Vintage,Multi,5,39.0
825794805,Mens Shirt,27.0,XL,Very good,Vintage,Brown,2,19.5
825788904,Bag,9.0,,Very good,Tom Tailor,Black,4,7.444444444444445
825785783,Dress,8.0,M / 38 / 10,Very good,Onbekend,Navy,4,inf
825747186,Cardigan,30.0,M / 38 / 10,Very good,Vintage,Green,3,10.375
825743398,Cardigan,30.0,L / 40 / 12,Very good,Vintage,Burgundy,4,20.90909090909091
824435896,Mens Coat,55.0,L,Very good,Vintage,Brown,4,18.25
823676277,Mens Top,32.5,L,Very good,Ralph Lauren,Light blue,6,inf
823667084,Top,26.0,XL / 42 / 14,Very good,Vintage,Multi,3,21.5
823662893,Top,24.95,S / 36 / 8,Very good,Vintage,White,5,14.2
823649831,Top,20.0,M / 38 / 10,Very good,Vintage,Beige,3,16.25
823645653,Top,20.0,L / 40 / 12,Very good,Vintage,Green,2,inf
823640313,Top,26.5,M / 38 / 10,Very good,Vintage,Red,3,5.9375
823635209,Blouse,24.95,XXL / 44 / 16,Very good,Vintage,Multi,3,16.2
811333341,Top,14.0,L / 40 / 12,Very good,Vintage,Blue,3,7.357142857142857
811306755,Top,17.5,S / 36 / 8,Very good,Vintage,White,4,2.2857142857142856
811300121,Blouse,19.95,L / 40 / 12,Very good,Vintage,White,3,6.3
811295040,Top,19.95,XL / 42 / 14,Very good,Vintage,White,3,6.181818181818182
811279366,Cardigan,26.0,XL / 42 / 14,Very good,Vintage,Black,4,5.517241379310345
815315705,Mens Jacket,29.95,L,Very good,Vintage,Brown,4,inf
815309281,Mens Shirt,27.0,L,Very good,Vintage,Blue,3,inf
812698748,Dress,27.0,M / 38 / 10,Very good,Vintage,Multi,4,26.666666666666668
812179544,Dress,39.95,S / 36 / 8,Very good,Vintage,Multi,10,4.2272727272727275
812176072,Mens Top,17.0,S,Very good,Vintage,Pink,4,46.0
812173858,Top,17.0,L / 40 / 12,Very good,Vintage,Black,5,inf
812170306,Top,18.0,M / 38 / 10,Very good,Vintage,Multi,4,6.166666666666667
812166357,Top,16.0,M / 38 / 10,Very good,Vintage,Beige,3,inf
812162890,Dress,26.0,S / 36 / 8,Very good,Vintage,Multi,6,6.0
812159041,Dress,27.0,M / 38 / 10,Very good,Vintage,Cream,5,7.666666666666667
811821445,Dress,21.0,M / 38 / 10,Very good,Vintage,Blue,4,7.666666666666667
811818363,Cardigan,19.0,L / 40 / 12,Very good,Vintage,Multi,5,7.75
811816835,Cardigan,19.0,M / 38 / 10,Very good,Vintage,Mustard,4,16.0
811510095,Top,34.95,L / 40 / 12,Very good,Vintage,White,11,13.428571428571429
811375259,Top,16.0,S / 36 / 8,Very good,Vintage,Multi,2,8.444444444444445
811291666,Jacket,26.0,M / 38 / 10,Very good,Vintage,Cream,4,8.090909090909092
811281902,Blouse,16.5,L / 40 / 12,Very good,Vintage,Black,3,18.666666666666668
803209482,Coat,59.95,L / 40 / 12,Very good,Vintage,Light blue,5,17.3
799310050,Cardigan,17.5,M / 38 / 10,Very good,Vintage,Multi,3,10.884615384615385
799286372,Jacket,42.5,XL / 42 / 14,New without tags,Vintage,Beige,3,5.117647058823529
809876039,Mens Top,19.95,M,Very good,Vintage,White,3,26.0
809867000,Suit,59.0,L / 40 / 12,Very good,Vintage,Black,4,inf
809850345,Jacket,59.95,M / 38 / 10,Very good,Vintage,Brown,6,20.5
798965627,Jacket,54.95,XL / 42 / 14,New without tags,Vintage,Khaki,6,16.3
797376894,Skirt,24.95,XS / 34 / 6,Very good,Vintage,Blue,8,16.17241379310345
804605954,Jacket,79.95,XL / 42 / 14,Very good,Vintage,Black,9,88.0
804595619,Jacket,59.95,M / 38 / 10,Very good,Vintage,Brown,6,18.25
804587582,Jacket,24.95,M / 38 / 10,Good,Vintage,Grey,4,67.0
799333271,Cardigan,19.95,M / 38 / 10,Very good,Vintage,Black,4,inf
799327954,Blouse,24.95,L / 40 / 12,Very good,Vintage,Navy,2,17.5
799325683,Cardigan,27.5,M / 38 / 10,Very good,Vintage,Black,4,65.0
799305636,Sweater,10.0,M / 38 / 10,Very good,Vintage,Grey,1,6.0
797939603,Jacket,94.95,XL / 42 / 14,Very good,Vintage,Grey,7,inf
797290167,Jacket,129.0,XL / 42 / 14,Very good,Vintage,Cream,11,59.0
785214520,Skirt,24.95,L / 40 / 12,Very good,Vintage,Black,6,12.235294117647058
785203668,Coat,49.95,M / 38 / 10,Very good,Vintage,Black,5,15.2
791086468,Mens Top,17.5,L,Very good,Vintage,Multi,4,2.4
787627692,Blouse,22.5,M / 38 / 10,Very good,Vintage,Green,4,inf
787623994,Dress,27.5,M / 38 / 10,Very good,Vintage,Grey,5,6.5
786189703,Mens Shirt,24.95,L,Very good,John Baner,Red,4,43.0
785221669,Mens Pants,29.95,M,New without tags,Vintage,Khaki,4,7.846153846153846
767737945,Mens Jacket,49.95,L,Very good,Vintage,Blue,4,3.8636363636363638
767727333,Mens Jacket,49.95,XL,Very good,Vintage,Light blue,4,5.666666666666667
767649574,Mens Jacket,99.0,L,Very good,Vintage,Black,6,5.75
778295575,Mens Top,29.95,L,New without tags,Vintage,Grey,4,26.0
778286978,Mens Shirt,24.95,XL,Good,Vintage,Multi,4,31.5
778278721,Pants,24.95,S / 36 / 8,New without tags,motivi,Cream,2,18.75
778273128,Jacket,24.95,S / 36 / 8,Very good,Vintage,Brown,3,5.75
778268610,Blouse,10.0,M / 38 / 10,Good,Vintage,Black,2,inf
778263065,Dress,39.95,M / 38 / 10,New without tags,Vintage,Blue,4,9.5
778259024,Mens Shirt,24.95,L,Very good,Vintage,Multi,4,9.166666666666666
852437910,Dress,39.95,M / 38 / 10,Very good,Vintage,Black,5,51.0
852428375,Cardigan,30.0,S / 36 / 8,Very good,Vintage,Green,6,11.0
852410999,Pants,40.0,M / 38 / 10,Very good,Levi's,Beige,8,25.0
852385601,Cardigan,49.95,M / 38 / 10,Very good,Vintage,Green,8,8.833333333333334
852374318,Blouse,22.5,M / 38 / 10,Very good,Vintage,Blue,6,7.666666666666667
852361463,Blouse,25.0,S / 36 / 8,Very good,Vintage,Grey,6,19.5
852291982,Cardigan,32.5,S / 36 / 8,Very good,Vintage,Green,7,28.0
852283582,Cardigan,30.0,M / 38 / 10,Very good,Vintage,Grey,8,6.666666666666667
852269812,Sweater,35.0,M / 38 / 10,Very good,Vintage,Beige,7,7.166666666666667
852252316,Sweater,28.0,M / 38 / 10,Very good,Vintage,Red,6,9.0
852239322,Top,15.0,S / 36 / 8,Very good,Vintage,Brown,8,33.0
852223404,Dress,30.0,M / 38 / 10,Very good,Vintage,Orange,7,44.5
848480961,Sweater,28.0,S / 36 / 8,Very good,Vintage,Beige,7,16.0
848442545,Cardigan,30.0,M / 38 / 10,Very good,Vintage,Grey,6,12.833333333333334
848429483,Sweater,40.0,M / 38 / 10,Very good,Vintage,Beige,6,9.6
848375491,Cardigan,30.0,L / 40 / 12,Very good,Vintage,Grey,7,13.75
848354712,Top,7.5,S / 36 / 8,Good,Vintage,Green,7,17.0
848245123,Dress,30.0,S / 36 / 8,Very good,Vintage,Black,8,29.0
848188301,Sweater,49.95,M / 38 / 10,Very good,Vintage,Pink,8,28.210526315789473
848160428,Blouse,27.95,S / 36 / 8,Very good,Vintage,Beige,7,11.0
846894799,Blouse,29.95,S / 36 / 8,Very good,Vintage,Black,9,14.142857142857142
846880921,Blouse,27.95,S / 36 / 8,Very good,Vintage,Green,7,9.5
844492641,Dress,20.0,S / 36 / 8,Very good,Vintage,Black,8,11.85
844465080,Top,14.0,S / 36 / 8,Very good,Vintage,Pink,8,86.0
844453741,Sweater,35.0,L / 40 / 12,Very good,Vintage,Beige,7,5.846153846153846
844443757,Pajamas,15.0,M / 38 / 10,Very good,Vintage,Blue,5,8.476190476190476
844360443,Jacket,35.0,M / 38 / 10,Very good,Nike,Grey,8,5.3
844352509,Pajamas,15.0,S / 36 / 8,Very good,Vintage,Black,6,4.96875
844313359,Top,14.0,S / 36 / 8,Very good,Vintage,Red,6,7.341463414634147
844303190,Sweater,37.5,S / 36 / 8,Very good,Vintage,Grey,9,5.586206896551724
844242555,Blouse,17.5,S / 36 / 8,Very good,Vintage,Black,6,19.666666666666668
844232966,Pajamas,17.0,S / 36 / 8,Very good,Vintage,Black,9,14.166666666666666
844146219,Athletic Wear,35.0,M / 38 / 10,Very good,Puma,Blue,7,13.0
843899536,Blouse,27.95,S / 36 / 8,Very good,Vintage,Brown,6,13.181818181818182
843167443,Coat,50.0,L / 40 / 12,Very good,Vintage,Beige,10,22.25
843162146,Blouse,25.0,S / 36 / 8,Very good,Vintage,Orange,7,8.578947368421053
843051578,Blouse,27.95,M / 38 / 10,Very good,Vintage,Black,7,6.333333333333333
843042838,Mens Jacket,40.0,L,Very good,Vintage,Black,8,26.5
841617136,Sweater,49.95,M / 38 / 10,Very good,Vintage,Beige,8,3.7
841472868,Sweater,30.0,L / 40 / 12,Very good,Vintage,Turquoise,7,11.571428571428571
841268416,Top,12.5,M / 38 / 10,Very good,Vintage,Black,7,21.0
841260960,Blouse,17.0,M / 38 / 10,Very good,Vintage,Blue,7,7.363636363636363
841254675,Blouse,22.5,S / 36 / 8,Very good,Vintage,Purple,6,13.166666666666666
841247748,Cardigan,20.0,L / 40 / 12,Very good,Vintage,Black,8,16.142857142857142
841238318,Sweater,30.0,S / 36 / 8,Very good,kappa,Coral,9,19.5
838464008,Cardigan,22.5,S / 36 / 8,Very good,Vintage,White,6,12.9
836004528,Blouse,29.95,S / 36 / 8,Very good,Vintage,Black,8,13.083333333333334
835821416,Cardigan,49.95,M / 38 / 10,Very good,Basler,Black,8,11.0
835689299,Cardigan,29.95,M / 38 / 10,Very good,Vintage,Beige,8,21.333333333333332
835682426,Blouse,23.95,M / 38 / 10,Very good,Vintage,Beige,6,45.0
835669379,Sweater,49.95,S / 36 / 8,Very good,Vintage,Grey,8,6.2
835647901,Sweater,29.95,M / 38 / 10,Very good,Vintage,Brown,9,11.695652173913043
833603919,Sweater,27.5,M / 38 / 10,Very good,Vintage,Pink,6,3.6666666666666665
833592319,Blouse,20.0,XS / 34 / 6,Very good,Vintage,Pink,8,12.2
833572543,Sweater,22.5,M / 38 / 10,Very good,Vintage,White,8,16.333333333333332
833564052,Sweater,25.0,XS / 34 / 6,Very good,Calvin Klein,Red,6,18.333333333333332
833545436,Sweater,20.0,XS / 34 / 6,Very good,Vintage,Brown,6,4.541666666666667
833525094,Blouse,12.0,M / 38 / 10,Good,Vintage,Red,9,10.5
832466876,Blouse,16.0,L / 40 / 12,Very good,Vintage,Black,6,19.5
832069641,Blouse,15.0,M / 38 / 10,Very good,Vintage,Black,6,8.8
832064728,Top,8.0,M / 38 / 10,Very good,Vintage,Light blue,6,26.0
832019880,Top,14.0,S / 36 / 8,Very good,Vintage,Black,6,7.925
832014298,Blouse,15.0,M / 38 / 10,Very good,Vintage,Grey,6,10.11111111111111
823581480,Blouse,15.0,L / 40 / 12,Very good,Vintage,Purple,6,13.0
823562084,Blouse,15.0,L / 40 / 12,Very good,Vintage,Turquoise,6,19.5
823509198,Blouse,15.0,XS / 34 / 6,Very good,Vintage,Purple,6,10.166666666666666
823495832,Blouse,15.0,L / 40 / 12,Very good,Vintage,Black,6,18.333333333333332
823491855,Blouse,12.5,S / 36 / 8,Very good,Vintage,Brown,6,9.666666666666666
823458311,Blouse,25.0,M / 38 / 10,Very good,Hermann Lange,White,8,5.454545454545454
823291227,Mens Sweater,35.0,M,Very good,Ralph Lauren,Red,6,8.0
823261456,Mens Sweater,25.0,L,Very good,Vintage,Purple,6,7.851851851851852
823239071,Mens Suit,25.0,M,Very good,Adidas,Grey,6,16.6
823104733,Sweater,18.0,S / 36 / 8,Very good,Vintage,Red,6,7.483870967741935
822988191,Sweater,25.0,S / 36 / 8,Very good,Vintage,Grey,7,6.2
822981541,Sweater,17.5,S / 36 / 8,Very good,Vintage,White,6,12.0
822894313,Dress,12.5,M / 38 / 10,Very good,Vintage,Grey,5,24.333333333333332
822605861,Dress,40.0,S / 36 / 8,Very good,Vintage,Blue,6,20.555555555555557
820829079,Sweater,25.0,M / 38 / 10,Very good,Vintage,Beige,6,14.555555555555555
820822085,Blouse,12.5,XS / 34 / 6,Very good,Vintage,Orange,6,43.0
820813762,Sweater,28.0,M / 38 / 10,Very good,Vintage,Black,5,24.0
820809763,Blouse,22.0,S / 36 / 8,Very good,Vintage,White,7,9.333333333333334
820790756,Blouse,18.0,L / 40 / 12,Very good,Vintage,Pink,5,34.0
820740304,Cardigan,16.0,S / 36 / 8,Very good,Vintage,Pink,6,35.0
820731344,Blouse,16.0,L / 40 / 12,Very good,Vintage,Purple,5,2.84375
820714365,Athletic Wear,17.5,XS / 34 / 6,Very good,FILA,Red,5,45.0
820704089,Skirt,17.5,S / 36 / 8,Very good,Vintage,Yellow,5,8.636363636363637
820695455,Blouse,16.0,M / 38 / 10,Very good,Vintage,Black,6,19.0
820687525,Blouse,15.0,M / 38 / 10,Very good,Vintage,Orange,6,29.0
820173998,Blouse,25.0,L / 40 / 12,Very good,Vintage,White,7,13.272727272727273
820168848,Blouse,25.0,S / 36 / 8,Very good,Vintage,Black,6,5.375
819381955,Coat,45.0,L / 40 / 12,Very good,Vintage,Grey,6,6.25
819358815,Jacket,30.0,L / 40 / 12,Very good,Vintage,Red,6,10.3125
819338740,Cardigan,14.0,S / 36 / 8,Very good,Vintage,Black,4,9.142857142857142
819330993,Jacket,22.5,M / 38 / 10,Very good,Vintage,Black,6,15.666666666666666
819323752,Jacket,22.5,M / 38 / 10,Very good,Vintage,Brown,6,21.333333333333332
819281238,Suit,30.0,S / 36 / 8,Very good,Vintage,Blue,6,54.0
854344553,Pajamas,14.0,S / 36 / 8,Very good,Vintage,Light blue,6,18.0
678555358,Blouse,8.0,S / 36 / 8,Very good,Vintage,Black,6,13.666666666666666
678555810,Skirt,15.0,XS / 34 / 6,Very good,Vintage,Blue,6,10.857142857142858
